{"cameraMode":{"drawMode":0,"name":"Shaded","section":"Shading Mode"},"sceneLighting":true,"audioPlay":false,"sceneViewState":{"showFog":true,"showMaterialUpdate":false,"showSkybox":true,"showFlares":true,"showImageEffects":true,"showParticleSystems":true},"in2DMode":false,"pivot":{"x":0.8622323274612427,"y":0.07562178373336792,"z":2.8741707801818849},"rotation":{"x":-0.08091725409030914,"y":-0.08601132780313492,"z":0.007009117864072323,"w":-0.9929793477058411},"size":2.9660251140594484,"orthographic":false}