{"cameraMode":{"drawMode":0,"name":"Shaded","section":"Shading Mode"},"sceneLighting":true,"audioPlay":true,"sceneViewState":{"showFog":true,"showMaterialUpdate":true,"showSkybox":true,"showFlares":true,"showImageEffects":true,"showParticleSystems":true},"in2DMode":false,"pivot":{"x":0.1021464392542839,"y":-0.02862614393234253,"z":0.2280721664428711},"rotation":{"x":-0.1393514722585678,"y":-0.006835872307419777,"z":0.0009618893964216113,"w":-0.9902194738388062},"size":1.3006012439727784,"orthographic":false}