{"cameraMode":{"drawMode":0,"name":"Shaded","section":"Shading Mode"},"sceneLighting":true,"audioPlay":false,"sceneViewState":{"m_AlwaysRefresh":false,"showFog":true,"showSkybox":true,"showFlares":true,"showImageEffects":true,"showParticleSystems":true,"showVisualEffectGraphs":true,"m_FxEnabled":true},"in2DMode":false,"pivot":{"x":1242.9344482421875,"y":354.28143310546877,"z":482.6346130371094},"rotation":{"x":-0.09467069804668427,"y":0.00028061799821443856,"z":-0.000016437088561360724,"w":-0.9955459833145142},"size":708.6903686523438,"orthographic":false}